<?xml version="1.0" encoding="UTF-8"?>
<MF0 version="1.1">
    <ModelRefInfoRepo.ModelRefInfoRoot type="ModelRefInfoRepo.ModelRefInfoRoot" uuid="20a8cfa7-01c5-4db1-9401-1919b9d7df6d">
        <dataDictionary/>
        <dataTransferInfos>AAFJTQAAAAAOAAAAOAAAAAYAAAAIAAAAAgAAAAAAAAAFAAAACAAAAAAAAAABAAAAAQAAAAAAAAAFAAQAAQAAAAEAAAAAAAAA</dataTransferInfos>
        <hasInlineVariantBlock>false</hasInlineVariantBlock>
        <hasMachineDataAccess>false</hasMachineDataAccess>
        <hasSigObjWithICDrivingRootOutport>false</hasSigObjWithICDrivingRootOutport>
        <needElapsedTime>false</needElapsedTime>
        <userSpecifiedFixedStepSize>0</userSpecifiedFixedStepSize>
        <zeroInternalMemoryAtStartupUnchecked>false</zeroInternalMemoryAtStartupUnchecked>
        <FMUBlockMap type="ModelRefInfoRepo.FMUBlockInfo" uuid="dd078ed5-f2ec-4c2d-a5b9-c8fd8d9b246a"/>
        <periodicEventPortUnsupportedBlockInfo type="ModelRefInfoRepo.PeriodicEventPortUnsupportedBlockInfo" uuid="bc9b72fe-427b-485e-8cd0-5f7104ff2da2">
            <deterministicRTBs>ARDroneHoverSim/RTrans1</deterministicRTBs>
            <deterministicRTBs>ARDroneHoverSim/RTrans2</deterministicRTBs>
            <deterministicRTBs>ARDroneHoverSim/RTrans3</deterministicRTBs>
            <deterministicRTBs>ARDroneHoverSim/RTrans4</deterministicRTBs>
            <hasHiddenDeterministicRTB>true</hasHiddenDeterministicRTB>
        </periodicEventPortUnsupportedBlockInfo>
        <simulinkFunctions type="ModelRefInfoRepo.SimulinkFunctions" uuid="ecf9ff7d-5c4b-471a-9af3-942aa98d3b4f">
            <compSimulinkFunctionCatalog>AAFJTQAAAAAOAAAAgAAAAAYAAAAIAAAAAgAAAAAAAAAFAAAACAAAAAEAAAABAAAAAQAAAAAAAAAFAAQADgAAAAEAAAAOAAAAQ29tcEZ1bmN0aW9ucwAAAA4AAAAwAAAABgAAAAgAAAAGAAAAAAAAAAUAAAAIAAAAAAAAAAAAAAABAAAAAAAAAAkAAAAAAAAA</compSimulinkFunctionCatalog>
            <postPropHasAnyExportedFunction>false</postPropHasAnyExportedFunction>
            <postPropHasAnyVariantExportedFunction>false</postPropHasAnyVariantExportedFunction>
        </simulinkFunctions>
    </ModelRefInfoRepo.ModelRefInfoRoot>
</MF0>
