<?xml version="1.0" encoding="UTF-8"?>
<MF0 version="1.1">
    <ModelRefInfoRepo.ModelRefInfoRoot type="ModelRefInfoRepo.ModelRefInfoRoot" uuid="7b24464a-8114-4ff7-8566-000cca70fef1">
        <dataDictionary/>
        <dataTransferInfos>AAFJTQAAAAAOAAAAOAAAAAYAAAAIAAAAAgAAAAAAAAAFAAAACAAAAAAAAAABAAAAAQAAAAAAAAAFAAQAAQAAAAEAAAAAAAAA</dataTransferInfos>
        <hasInlineVariantBlock>false</hasInlineVariantBlock>
        <hasMachineDataAccess>false</hasMachineDataAccess>
        <hasSigObjWithICDrivingRootOutport>false</hasSigObjWithICDrivingRootOutport>
        <needElapsedTime>false</needElapsedTime>
        <userSpecifiedFixedStepSize>0</userSpecifiedFixedStepSize>
        <zeroInternalMemoryAtStartupUnchecked>false</zeroInternalMemoryAtStartupUnchecked>
        <FMUBlockMap type="ModelRefInfoRepo.FMUBlockInfo" uuid="d29770b5-294e-4758-a89d-d1238ebcd4d4"/>
        <periodicEventPortUnsupportedBlockInfo type="ModelRefInfoRepo.PeriodicEventPortUnsupportedBlockInfo" uuid="e956ef2d-8256-41cc-b8c5-23d517c14f00">
            <deterministicRTBs>ARDroneWPTracking_V2/ARDrone Wi-Fi  Block/Subsystem1/send byte to  state udp port  /Rate Transition</deterministicRTBs>
            <hasHiddenDeterministicRTB>false</hasHiddenDeterministicRTB>
        </periodicEventPortUnsupportedBlockInfo>
        <simulinkFunctions type="ModelRefInfoRepo.SimulinkFunctions" uuid="fbf8d0b2-d977-4618-8559-ee047552beef">
            <compSimulinkFunctionCatalog>AAFJTQAAAAAOAAAAgAAAAAYAAAAIAAAAAgAAAAAAAAAFAAAACAAAAAEAAAABAAAAAQAAAAAAAAAFAAQADgAAAAEAAAAOAAAAQ29tcEZ1bmN0aW9ucwAAAA4AAAAwAAAABgAAAAgAAAAGAAAAAAAAAAUAAAAIAAAAAAAAAAAAAAABAAAAAAAAAAkAAAAAAAAA</compSimulinkFunctionCatalog>
            <postPropHasAnyExportedFunction>false</postPropHasAnyExportedFunction>
            <postPropHasAnyVariantExportedFunction>false</postPropHasAnyVariantExportedFunction>
        </simulinkFunctions>
    </ModelRefInfoRepo.ModelRefInfoRoot>
</MF0>
